{
  "version": 1,
  "author": "Anonymous maker",
  "editor": "wokwi",
  "parts": [
    { "type": "wokwi-breadboard-mini", "id": "bb1", "top": -231.8, "left": -2.4, "attrs": {} },
    { "type": "wokwi-breadboard-mini", "id": "bb2", "top": -231.8, "left": -242.4, "attrs": {} },
    { "type": "wokwi-arduino-uno", "id": "uno", "top": -57, "left": -67.8, "attrs": {} },
    {
      "type": "wokwi-pushbutton",
      "id": "btn1",
      "top": -192.1,
      "left": 99.5,
      "rotate": 90,
      "attrs": { "color": "green" }
    },
    { "type": "wokwi-led", "id": "led1", "top": -186, "left": 3.8, "attrs": { "color": "red" } },
    { "type": "wokwi-led", "id": "led2", "top": -186, "left": 23, "attrs": { "color": "red" } },
    { "type": "wokwi-led", "id": "led3", "top": -186, "left": 42.2, "attrs": { "color": "red" } },
    {
      "type": "wokwi-led",
      "id": "led4",
      "top": -186,
      "left": -236.2,
      "attrs": { "color": "red" }
    }
  ],
  "connections": [
    [ "btn1:1.l", "bb1:15t.c", "", [ "$bb" ] ],
    [ "btn1:2.l", "bb1:13t.c", "", [ "$bb" ] ],
    [ "btn1:1.r", "bb1:15b.h", "", [ "$bb" ] ],
    [ "btn1:2.r", "bb1:13b.h", "", [ "$bb" ] ],
    [ "led1:A", "bb1:3b.g", "", [ "$bb" ] ],
    [ "led1:C", "bb1:2b.g", "", [ "$bb" ] ],
    [ "led2:A", "bb1:5b.g", "", [ "$bb" ] ],
    [ "led2:C", "bb1:4b.g", "", [ "$bb" ] ],
    [ "led3:A", "bb1:7b.g", "", [ "$bb" ] ],
    [ "led3:C", "bb1:6b.g", "", [ "$bb" ] ],
    [ "uno:GND.1", "bb1:2b.j", "black", [ "v-28.8", "h-28.5" ] ],
    [ "uno:GND.1", "bb1:4b.j", "black", [ "v-38.4", "h-9.3" ] ],
    [ "uno:GND.1", "bb1:6b.j", "black", [ "v-38.4", "h9.9" ] ],
    [ "bb1:3b.j", "uno:5", "green", [ "v28.8", "h105.6" ] ],
    [ "bb1:5b.j", "uno:4", "green", [ "v19.2", "h96" ] ],
    [ "bb1:7b.j", "uno:3", "green", [ "v38.4", "h86.4" ] ],
    [ "uno:2", "bb1:13b.j", "green", [ "v-19.2", "h-43.9" ] ],
    [ "uno:5V", "bb1:15b.j", "red", [ "v19.1", "h138.2", "v-240", "h-86.4" ] ],
    [ "led4:A", "bb2:3b.g", "", [ "$bb" ] ],
    [ "led4:C", "bb2:2b.g", "", [ "$bb" ] ]
  ],
  "dependencies": {}
}