{
  "version": 1,
  "author": "Anonymous maker",
  "editor": "wokwi",
  "parts": [
    { "type": "wokwi-arduino-uno", "id": "uno", "top": 0, "left": 0, "attrs": {} },
    {
      "type": "wokwi-led",
      "id": "led1",
      "top": -157.2,
      "left": 61.4,
      "attrs": { "color": "red" }
    },
    {
      "type": "wokwi-led",
      "id": "led2",
      "top": -157.2,
      "left": 147.8,
      "attrs": { "color": "limegreen" }
    },
    {
      "type": "wokwi-led",
      "id": "led3",
      "top": -157.2,
      "left": 109.4,
      "attrs": { "color": "yellow" }
    },
    {
      "type": "wokwi-resistor",
      "id": "r1",
      "top": -62.4,
      "left": 95.45,
      "rotate": 90,
      "attrs": { "value": "470" }
    },
    {
      "type": "wokwi-resistor",
      "id": "r2",
      "top": 43.2,
      "left": 383.45,
      "rotate": 90,
      "attrs": { "value": "1" }
    },
    {
      "type": "wokwi-resistor",
      "id": "r3",
      "top": -62.4,
      "left": 133.85,
      "rotate": 90,
      "attrs": { "value": "470" }
    },
    {
      "type": "wokwi-resistor",
      "id": "r4",
      "top": -62.4,
      "left": 47.45,
      "rotate": 90,
      "attrs": { "value": "470" }
    },
    {
      "type": "wokwi-pushbutton",
      "id": "btn1",
      "top": -80.2,
      "left": -105.6,
      "attrs": { "color": "red" }
    },
    {
      "type": "wokwi-pushbutton",
      "id": "btn2",
      "top": -80.2,
      "left": 316.8,
      "attrs": { "color": "black" }
    },
    {
      "type": "wokwi-resistor",
      "id": "r5",
      "top": 52.8,
      "left": -58.15,
      "rotate": 90,
      "attrs": { "value": "1000" }
    }
  ],
  "connections": [
    [ "led1:C", "r4:1", "green", [ "v0" ] ],
    [ "r4:2", "uno:GND.1", "green", [ "h0" ] ],
    [ "r1:2", "uno:GND.1", "green", [ "h0" ] ],
    [ "r3:2", "uno:GND.1", "green", [ "h0", "v18", "h-48" ] ],
    [ "led3:C", "r1:1", "green", [ "v0" ] ],
    [ "led2:C", "r3:1", "green", [ "v0" ] ],
    [ "btn2:2.l", "uno:5V", "red", [ "h-19.2", "v269", "h-134.4" ] ],
    [ "btn2:2.r", "r2:1", "black", [ "h0" ] ],
    [ "uno:GND.2", "r2:2", "black", [ "v19.7", "h243.3" ] ],
    [ "btn2:1.l", "uno:7", "green", [ "h0" ] ],
    [ "btn1:2.l", "uno:5V", "red", [ "h-19.2", "v269", "h278.4" ] ],
    [ "btn1:1.r", "uno:8", "green", [ "v0", "h96.2", "v57.6", "h115.2" ] ],
    [ "led1:A", "uno:2", "red", [ "v67.2", "h19.2" ] ],
    [ "led3:A", "uno:3", "yellow", [ "v57.6", "h96" ] ],
    [ "led2:A", "uno:4", "green", [ "v28.8", "h38.4" ] ],
    [ "btn1:2.r", "r5:1", "black", [ "h0" ] ],
    [ "r5:2", "uno:GND.2", "black", [ "h0", "v123.6", "h201.6" ] ]
  ],
  "dependencies": {}
}