{
  "version": 1,
  "author": "Anonymous maker",
  "editor": "wokwi",
  "parts": [
    { "type": "wokwi-arduino-uno", "id": "uno", "top": 0, "left": 0, "attrs": {} },
    {
      "type": "wokwi-led",
      "id": "led1",
      "top": -147.6,
      "left": 147.8,
      "attrs": { "color": "cyan" }
    },
    {
      "type": "wokwi-led",
      "id": "led2",
      "top": -147.6,
      "left": 109.4,
      "attrs": { "color": "yellow" }
    },
    {
      "type": "wokwi-led",
      "id": "led3",
      "top": -147.6,
      "left": 61.4,
      "attrs": { "color": "red" }
    },
    {
      "type": "wokwi-resistor",
      "id": "r1",
      "top": -62.4,
      "left": 95.45,
      "rotate": 90,
      "attrs": { "value": "470" }
    },
    {
      "type": "wokwi-resistor",
      "id": "r4",
      "top": 110.4,
      "left": 527.45,
      "rotate": 90,
      "attrs": { "value": "1000" }
    },
    {
      "type": "wokwi-resistor",
      "id": "r5",
      "top": -62.4,
      "left": 133.85,
      "rotate": 90,
      "attrs": { "value": "470" }
    },
    {
      "type": "wokwi-resistor",
      "id": "r6",
      "top": -62.4,
      "left": 47.45,
      "rotate": 90,
      "attrs": { "value": "470" }
    },
    {
      "type": "wokwi-pushbutton",
      "id": "btn1",
      "top": -80.2,
      "left": 336,
      "attrs": { "color": "red" }
    },
    {
      "type": "wokwi-resistor",
      "id": "r7",
      "top": 91.2,
      "left": 613.85,
      "rotate": 90,
      "attrs": { "value": "1000" }
    },
    {
      "type": "wokwi-resistor",
      "id": "r8",
      "top": 100.8,
      "left": 575.45,
      "rotate": 90,
      "attrs": { "value": "1000" }
    },
    {
      "type": "wokwi-pushbutton",
      "id": "btn2",
      "top": 6.2,
      "left": 336,
      "attrs": { "color": "blue" }
    },
    {
      "type": "wokwi-pushbutton",
      "id": "btn3",
      "top": -166.6,
      "left": 336,
      "attrs": { "color": "yellow" }
    }
  ],
  "connections": [
    [ "led3:C", "r6:1", "black", [ "v0" ] ],
    [ "r6:2", "uno:GND.1", "black", [ "h0" ] ],
    [ "led2:C", "r1:1", "black", [ "v0" ] ],
    [ "r1:2", "uno:GND.1", "green", [ "h0" ] ],
    [ "r5:2", "uno:GND.1", "black", [ "h0" ] ],
    [ "led1:C", "r5:1", "black", [ "v0" ] ],
    [ "led3:A", "uno:8", "red", [ "v96", "h9.6" ] ],
    [ "led2:A", "uno:9", "yellow", [ "v96", "h28.8" ] ],
    [ "led1:A", "uno:10", "cyan", [ "v96", "h-19.2" ] ],
    [ "btn2:2.r", "r4:1", "black", [ "h0" ] ],
    [ "r4:2", "uno:GND.2", "black", [ "h0", "v114", "h-384" ] ],
    [ "btn1:2.r", "r8:1", "black", [ "h0" ] ],
    [ "r8:2", "uno:GND.2", "black", [ "v75.6", "h-435.3" ] ],
    [ "btn2:2.l", "uno:5V", "red", [ "h0", "v249.8", "h-182.4" ] ],
    [ "btn1:2.l", "uno:5V", "red", [ "h-19.2", "v374.6", "h-153.6" ] ],
    [ "btn3:2.l", "uno:5V", "red", [ "h-48", "v489.8", "h-124.8" ] ],
    [ "btn3:2.r", "r7:1", "black", [ "h240.2", "v201.8" ] ],
    [ "r7:2", "uno:GND.2", "black", [ "h0", "v334.8", "h-480" ] ],
    [ "btn2:1.l", "uno:2", "green", [ "h-38.4", "v-48", "h-67.2" ] ],
    [ "btn1:1.l", "uno:3", "green", [ "h0" ] ],
    [ "btn3:1.l", "uno:4", "green", [ "h0" ] ]
  ],
  "dependencies": {}
}