{
  "version": 1,
  "author": "Anonymous maker",
  "editor": "wokwi",
  "parts": [
    { "type": "wokwi-arduino-uno", "id": "uno", "top": 115.8, "left": -96.6, "attrs": {} },
    {
      "type": "wokwi-led",
      "id": "led1",
      "top": -135.6,
      "left": -99,
      "rotate": 90,
      "attrs": { "color": "red" }
    },
    {
      "type": "wokwi-led",
      "id": "led2",
      "top": -97.2,
      "left": -99,
      "rotate": 90,
      "attrs": { "color": "yellow" }
    },
    {
      "type": "wokwi-led",
      "id": "led3",
      "top": -58.8,
      "left": -99,
      "rotate": 90,
      "attrs": { "color": "green" }
    },
    { "type": "wokwi-led", "id": "led4", "top": 15.6, "left": -5.8, "attrs": { "color": "red" } },
    {
      "type": "wokwi-led",
      "id": "led5",
      "top": 15.6,
      "left": 32.6,
      "attrs": { "color": "yellow" }
    },
    { "type": "wokwi-led", "id": "led6", "top": 15.6, "left": 71, "attrs": { "color": "green" } },
    {
      "type": "wokwi-led",
      "id": "led7",
      "top": -135.2,
      "left": 116.6,
      "rotate": 270,
      "attrs": { "color": "green" }
    },
    {
      "type": "wokwi-led",
      "id": "led8",
      "top": -96.8,
      "left": 116.6,
      "rotate": 270,
      "attrs": { "color": "yellow" }
    },
    {
      "type": "wokwi-led",
      "id": "led9",
      "top": -48.8,
      "left": 116.6,
      "rotate": 270,
      "attrs": { "color": "red" }
    }
  ],
  "connections": [
    [ "uno:2", "led7:A", "green", [ "v-19.2", "h42.5", "v-220.8" ] ],
    [ "uno:3", "led8:A", "green", [ "v-38.4", "h71.2", "v-163.2" ] ],
    [ "uno:4", "led9:A", "green", [ "v-57.6", "h99.9", "v-96" ] ],
    [ "uno:5", "led6:A", "green", [ "v-48", "h-15.4", "v-19.2" ] ],
    [ "uno:6", "led5:A", "green", [ "v-38.4", "h-44.3" ] ],
    [ "uno:7", "led4:A", "green", [ "v-28.8", "h-73.2" ] ],
    [ "uno:8", "led3:A", "green", [ "v-19.2", "h-230", "v-134.4" ] ],
    [ "uno:9", "led2:A", "green", [ "v-38.4", "h-210.4", "v-153.6" ] ],
    [ "uno:10", "led1:A", "green", [ "v-28.8", "h-181.7", "v-201.6" ] ],
    [ "uno:GND.1", "led4:C", "black", [ "v-48", "h-9.3" ] ],
    [ "uno:GND.1", "led5:C", "black", [ "v-48", "h29.1" ] ],
    [ "uno:GND.1", "led6:C", "black", [ "v-48", "h67.5" ] ],
    [ "uno:GND.1", "led7:C", "black", [ "v-48", "h153.9", "v-182.4" ] ],
    [ "uno:GND.1", "led8:C", "black", [ "v-48", "h173.1", "v-144" ] ],
    [ "uno:GND.1", "led9:C", "black", [ "v-48", "h221.1", "v-96" ] ],
    [ "uno:GND.1", "led3:C", "black", [ "v-28.8", "h-153.3", "v-134.4" ] ],
    [ "uno:GND.1", "led2:C", "black", [ "v-57.6", "h-153.3", "v-153.6" ] ],
    [ "uno:GND.1", "led1:C", "black", [ "v-48", "h-134.1", "v-192" ] ]
  ],
  "dependencies": {}
}